Date,Close,LogReturn
2020-01-02 00:00:00-05:00,36.35921096801758,
2020-01-03 00:00:00-05:00,36.03822326660156,-0.008867435928265586
2020-01-06 00:00:00-05:00,35.96487045288086,-0.002037491316212189
2020-01-07 00:00:00-05:00,35.63166046142578,-0.009308059845132853
2020-01-08 00:00:00-05:00,35.50938415527344,-0.003437577483493665
2020-01-09 00:00:00-05:00,35.876216888427734,0.010277589788284457
2020-01-10 00:00:00-05:00,35.576637268066406,-0.008385427826994
2020-01-13 00:00:00-05:00,35.423797607421875,-0.004305322833482092
2020-01-14 00:00:00-05:00,35.515499114990234,0.002585352911103872
2020-01-15 00:00:00-05:00,35.240379333496094,-0.007776630692379628
2020-01-16 00:00:00-05:00,35.42989730834961,0.005363455137730004
2020-01-17 00:00:00-05:00,35.14255142211914,-0.008143332966788333
2020-01-21 00:00:00-05:00,35.33513641357422,0.005465147246181102
2020-01-22 00:00:00-05:00,35.491050720214844,0.004402737597631222
2020-01-23 00:00:00-05:00,35.40239715576172,-0.0025010382008871165
2020-01-24 00:00:00-05:00,34.96218490600586,-0.012512487965701856
2020-01-27 00:00:00-05:00,35.41767501831055,0.012943943690521776
2020-01-28 00:00:00-05:00,35.64389419555664,0.006366871543547802
2020-01-29 00:00:00-05:00,35.426856994628906,-0.006107656721771806
2020-01-30 00:00:00-05:00,35.637779235839844,0.005936084999688611
2020-01-31 00:00:00-05:00,34.998878479003906,-0.018090272138846085
2020-02-03 00:00:00-05:00,34.9316291809082,-0.0019233184793455034
2020-02-04 00:00:00-05:00,35.23732376098633,0.008713155926189967
2020-02-05 00:00:00-05:00,35.70808792114258,0.013271360573603726
2020-02-06 00:00:00-05:00,35.55523681640625,-0.004289761660631264
2020-02-07 00:00:00-05:00,35.59803771972656,0.0012030622276120776
2020-02-10 00:00:00-05:00,35.2312126159668,-0.010358104363590132
2020-02-11 00:00:00-05:00,35.27706527709961,0.0013006321801311495
2020-02-12 00:00:00-05:00,35.41461944580078,0.0038916696594854996
2020-02-13 00:00:00-05:00,35.90067672729492,0.013631432076609079
2020-02-14 00:00:00-05:00,36.03822326660156,0.003823986936935903
2020-02-18 00:00:00-05:00,36.57014083862305,0.014651950764430051
2020-02-19 00:00:00-05:00,35.97404098510742,-0.016434488757248133
2020-02-20 00:00:00-05:00,35.97709274291992,8.482862343384e-05
2020-02-21 00:00:00-05:00,36.24916076660156,0.007533806539928755
2020-02-24 00:00:00-05:00,35.558292388916016,-0.019242840833012583
2020-02-25 00:00:00-05:00,34.96831512451172,-0.016731019616270458
2020-02-26 00:00:00-05:00,34.781837463378906,-0.005347030752143984
2020-02-27 00:00:00-05:00,33.74859619140625,-0.03015651644033114
2020-02-28 00:00:00-05:00,32.9171028137207,-0.02494645706234183
2020-03-02 00:00:00-05:00,35.423797607421875,0.0733914780165251
2020-03-03 00:00:00-05:00,34.51587677001953,-0.02596442866699666
2020-03-04 00:00:00-05:00,35.695858001708984,0.03361524528143193
2020-03-05 00:00:00-05:00,35.4360237121582,-0.007305737989342335
2020-03-06 00:00:00-05:00,35.836483001708984,0.011237531054897134
2020-03-09 00:00:00-04:00,35.81509017944336,-0.0005971347718272608
2020-03-10 00:00:00-04:00,36.619049072265625,0.022199253479863835
2020-03-11 00:00:00-04:00,34.98053741455078,-0.045776738513955535
2020-03-12 00:00:00-04:00,31.807424545288086,-0.09509209415131147
2020-03-13 00:00:00-04:00,34.8796501159668,0.09220382910982369
2020-03-16 00:00:00-04:00,32.6358642578125,-0.0664917536313445
2020-03-17 00:00:00-04:00,36.45703125,0.11072252680599508
2020-03-18 00:00:00-04:00,37.4719352722168,0.02745791896364687
2020-03-19 00:00:00-04:00,36.67668533325195,-0.021450983886363885
2020-03-20 00:00:00-04:00,34.994083404541016,-0.046962274548411245
2020-03-23 00:00:00-04:00,35.089263916015625,0.0027162107299989312
2020-03-24 00:00:00-04:00,35.31953811645508,0.006541086194639793
2020-03-25 00:00:00-04:00,33.590877532958984,-0.050181770429143645
2020-03-26 00:00:00-04:00,33.71983337402344,0.0038316635525150124
2020-03-27 00:00:00-04:00,33.64614486694336,-0.002187707753796083
2020-03-30 00:00:00-04:00,35.3686637878418,0.04992774047298703
2020-03-31 00:00:00-04:00,34.886600494384766,-0.013723408886679115
2020-04-01 00:00:00-04:00,35.046268463134766,0.004566329068755984
2020-04-02 00:00:00-04:00,36.431053161621094,0.03875237522359309
2020-04-03 00:00:00-04:00,36.685909271240234,0.006971217984460083
2020-04-06 00:00:00-04:00,38.7093391418457,0.0536881546447219
2020-04-07 00:00:00-04:00,37.456581115722656,-0.03289846716580917
2020-04-08 00:00:00-04:00,37.41053009033203,-0.001230207242048374
2020-04-09 00:00:00-04:00,37.398250579833984,-0.0003282906230612768
2020-04-13 00:00:00-04:00,38.47290802001953,0.028330378411382744
2020-04-14 00:00:00-04:00,39.608985900878906,0.029101703410025725
2020-04-15 00:00:00-04:00,39.5352783203125,-0.0018626138634650782
2020-04-16 00:00:00-04:00,40.63145065307617,0.027349018007206155
2020-04-17 00:00:00-04:00,40.56697463989258,-0.0015881102743600377
2020-04-20 00:00:00-04:00,39.86996078491211,-0.01733112525801166
2020-04-21 00:00:00-04:00,39.673465728759766,-0.004940583136977416
2020-04-22 00:00:00-04:00,40.40423583984375,0.01825203230988173
2020-04-23 00:00:00-04:00,39.464664459228516,-0.02352892610435361
2020-04-24 00:00:00-04:00,39.744075775146484,0.007055092002456556
2020-04-27 00:00:00-04:00,39.394046783447266,-0.00884608486918927
2020-04-28 00:00:00-04:00,39.30193328857422,-0.002340997262019343
2020-04-29 00:00:00-04:00,37.95093536376953,-0.03497955995421221
2020-04-30 00:00:00-04:00,37.32148742675781,-0.016724919597191978
2020-05-01 00:00:00-04:00,37.74213790893555,0.011207955484057164
2020-05-04 00:00:00-04:00,37.981632232666016,0.006325493879490011
2020-05-05 00:00:00-04:00,38.29789352416992,0.008292214734238431
2020-05-06 00:00:00-04:00,37.85881042480469,-0.01153117038726099
2020-05-07 00:00:00-04:00,37.59051513671875,-0.007111963346348394
2020-05-08 00:00:00-04:00,37.91432571411133,0.008577266277402818
2020-05-11 00:00:00-04:00,38.13945007324219,0.00592015358388599
2020-05-12 00:00:00-04:00,38.173377990722656,0.0008891799865530426
2020-05-13 00:00:00-04:00,38.15179443359375,-0.000565568527883271
2020-05-14 00:00:00-04:00,38.06235885620117,-0.002346955639720382
2020-05-15 00:00:00-04:00,38.839515686035156,0.020212336630038494
2020-05-18 00:00:00-04:00,39.369972229003906,0.013565225688870516
2020-05-19 00:00:00-04:00,38.534210205078125,-0.021456976072287966
2020-05-20 00:00:00-04:00,38.68839645385742,0.0039932983447087895
2020-05-21 00:00:00-04:00,38.546539306640625,-0.0036733974162476936
2020-05-22 00:00:00-04:00,38.34300231933594,-0.005294282120011903
2020-05-26 00:00:00-04:00,38.19804763793945,-0.0037876369548893447
2020-05-27 00:00:00-04:00,37.772464752197266,-0.011204013880974572
2020-05-28 00:00:00-04:00,38.145626068115234,0.009830708785261334
2020-05-29 00:00:00-04:00,38.25972366333008,0.0029866411299380585
2020-06-01 00:00:00-04:00,38.22888946533203,-0.000806242874777674
2020-06-02 00:00:00-04:00,38.22271728515625,-0.00016146633018021398
2020-06-03 00:00:00-04:00,38.07777404785156,-0.0037992785923451904
2020-06-04 00:00:00-04:00,37.65836715698242,-0.01107558878835407
2020-06-05 00:00:00-04:00,37.488739013671875,-0.004514569889872342
2020-06-08 00:00:00-04:00,37.39004898071289,-0.002635995927493139
2020-06-09 00:00:00-04:00,37.42396926879883,0.0009067896954045347
2020-06-10 00:00:00-04:00,37.36537170410156,-0.0015670034238975828
2020-06-11 00:00:00-04:00,37.035396575927734,-0.008870265707749738
2020-06-12 00:00:00-04:00,36.31066131591797,-0.01976272123453264
2020-06-15 00:00:00-04:00,36.415523529052734,0.0028837559959517967
2020-06-16 00:00:00-04:00,36.899696350097656,0.013208167709643219
2020-06-17 00:00:00-04:00,36.70849609375,-0.005195092557623117
2020-06-18 00:00:00-04:00,36.38776779174805,-0.008775560972259022
2020-06-19 00:00:00-04:00,36.961387634277344,0.015641121798080037
2020-06-22 00:00:00-04:00,37.5257453918457,0.015153450909367256
2020-06-23 00:00:00-04:00,37.33762741088867,-0.005025645248327387
2020-06-24 00:00:00-04:00,37.100154876708984,-0.006380451768175228
2020-06-25 00:00:00-04:00,36.9182014465332,-0.004916450613631724
2020-06-26 00:00:00-04:00,36.48952865600586,-0.01167936027349031
2020-06-29 00:00:00-04:00,36.71774673461914,0.006234867141259142
2020-06-30 00:00:00-04:00,36.939788818359375,0.006029057439044156
2020-07-01 00:00:00-04:00,36.91203308105469,-0.0007516602271317237
2020-07-02 00:00:00-04:00,36.76400375366211,-0.0040183900476640265
2020-07-06 00:00:00-04:00,36.66532516479492,-0.0026877175571041875
2020-07-07 00:00:00-04:00,39.150997161865234,0.06559440236242609
2020-07-08 00:00:00-04:00,38.37691879272461,-0.019969686632057452
2020-07-09 00:00:00-04:00,39.39772033691406,0.026251749390086218
2020-07-10 00:00:00-04:00,40.30131912231445,0.022676245819794546
2020-07-13 00:00:00-04:00,39.94358444213867,-0.00891613134783066
2020-07-14 00:00:00-04:00,40.711483001708984,0.01904212065659689
2020-07-15 00:00:00-04:00,40.70840835571289,-7.552567183022214e-05
2020-07-16 00:00:00-04:00,40.770084381103516,0.0015139218976412232
2020-07-17 00:00:00-04:00,40.62822341918945,-0.0034856033098273967
2020-07-20 00:00:00-04:00,40.544960021972656,-0.0020515008255009817
2020-07-21 00:00:00-04:00,40.8101806640625,0.006520093983802986
2020-07-22 00:00:00-04:00,40.91194534301758,0.0024905062197453204
2020-07-23 00:00:00-04:00,40.597381591796875,-0.007718510868318826
2020-07-24 00:00:00-04:00,40.47402572631836,-0.0030431434399923354
2020-07-27 00:00:00-04:00,40.46478271484375,-0.00022839504788376702
2020-07-28 00:00:00-04:00,40.6343879699707,0.004182669217480389
2020-07-29 00:00:00-04:00,40.30440139770508,-0.00815402363168473
2020-07-30 00:00:00-04:00,40.12862777709961,-0.004370689559366455
2020-07-31 00:00:00-04:00,39.90657043457031,-0.005549006369199919
2020-08-03 00:00:00-04:00,39.875732421875,-0.000773054001375902
2020-08-04 00:00:00-04:00,40.597381591796875,0.01793564283202273
2020-08-05 00:00:00-04:00,40.03300476074219,-0.013999338806120542
2020-08-06 00:00:00-04:00,39.89115524291992,-0.003549606696004598
2020-08-07 00:00:00-04:00,40.08234786987305,0.0047814084356171144
2020-08-10 00:00:00-04:00,40.6713981628418,0.01458906291527058
2020-08-11 00:00:00-04:00,40.153289794921875,-0.012820722920724933
2020-08-12 00:00:00-04:00,40.67448043823242,0.012896504888910823
2020-08-13 00:00:00-04:00,40.82931137084961,0.0037993598931025177
2020-08-14 00:00:00-04:00,41.061561584472656,0.005672203212409633
2020-08-17 00:00:00-04:00,41.99055099487305,0.022372174022343174
2020-08-18 00:00:00-04:00,41.71495056152344,-0.006585025455184393
2020-08-19 00:00:00-04:00,41.002716064453125,-0.01722128122003085
2020-08-20 00:00:00-04:00,40.43294906616211,-0.013993286470194773
2020-08-21 00:00:00-04:00,40.76118850708008,0.008085343077389617
2020-08-24 00:00:00-04:00,40.66829299926758,-0.0022816195410695055
2020-08-25 00:00:00-04:00,40.45151901245117,-0.005344551409545776
2020-08-26 00:00:00-04:00,40.47319030761719,0.0005355915607518463
2020-08-27 00:00:00-04:00,42.309513092041016,0.04437216935792497
2020-08-28 00:00:00-04:00,43.445980072021484,0.026506372390888107
2020-08-31 00:00:00-04:00,42.99696350097656,-0.010388832007026033
2020-09-01 00:00:00-04:00,45.70344161987305,0.06104410708959848
2020-09-02 00:00:00-04:00,45.73131561279297,0.0006097023632375874
2020-09-03 00:00:00-04:00,44.75895309448242,-0.021491812536448118
2020-09-04 00:00:00-04:00,44.229427337646484,-0.011901149437762545
2020-09-08 00:00:00-04:00,42.87309646606445,-0.031145837214826
2020-09-09 00:00:00-04:00,43.31901550292969,0.010347188511164907
2020-09-10 00:00:00-04:00,42.3652458190918,-0.022263343675314358
2020-09-11 00:00:00-04:00,42.33119201660156,-0.0008041378172559644
2020-09-14 00:00:00-04:00,42.52317810058594,0.004525080118253748
2020-09-15 00:00:00-04:00,42.53556823730469,0.00029133128196281354
2020-09-16 00:00:00-04:00,42.19493103027344,-0.008040529565151585
2020-09-17 00:00:00-04:00,42.328094482421875,0.003150941687571058
2020-09-18 00:00:00-04:00,41.89455795288086,-0.010295101048886266
2020-09-21 00:00:00-04:00,42.44575881958008,0.013071061044444967
2020-09-22 00:00:00-04:00,42.829750061035156,0.009005958260842597
2020-09-23 00:00:00-04:00,42.111328125,-0.016916174908145013
2020-09-24 00:00:00-04:00,42.33119201660156,0.005207433129107611
2020-09-25 00:00:00-04:00,42.507686614990234,0.004160706879926396
2020-09-28 00:00:00-04:00,42.501502990722656,-0.00014548131342426556
2020-09-29 00:00:00-04:00,42.46743392944336,-0.0008019180735907802
2020-09-30 00:00:00-04:00,43.32520294189453,0.019996998046927582
2020-10-01 00:00:00-04:00,44.306854248046875,0.02240486874887241
2020-10-02 00:00:00-04:00,43.507911682128906,-0.018196589207888223
2020-10-05 00:00:00-04:00,43.91047668457031,0.009210141153302891
2020-10-06 00:00:00-04:00,43.54816818237305,-0.008285300448870025
2020-10-07 00:00:00-04:00,43.6286735534668,0.001846944495252854
2020-10-08 00:00:00-04:00,43.77421951293945,0.003330463990360419
2020-10-09 00:00:00-04:00,44.21394729614258,0.009995240497783074
2020-10-12 00:00:00-04:00,44.66915512084961,0.010242932396972224
2020-10-13 00:00:00-04:00,45.28228759765625,0.013632732376652482
2020-10-14 00:00:00-04:00,44.57316207885742,-0.015784022975687373
2020-10-15 00:00:00-04:00,44.755863189697266,0.004090526344442614
2020-10-16 00:00:00-04:00,44.81161117553711,0.0012448267283146572
2020-10-19 00:00:00-04:00,44.26658630371094,-0.012237150921139951
2020-10-20 00:00:00-04:00,44.56077194213867,0.006623786181229686
2020-10-21 00:00:00-04:00,44.715606689453125,0.0034686644985068844
2020-10-22 00:00:00-04:00,44.45238494873047,-0.005903968463935121
2020-10-23 00:00:00-04:00,44.545284271240234,0.0020876806564734786
2020-10-26 00:00:00-04:00,44.02195739746094,-0.011817754612836311
2020-10-27 00:00:00-04:00,44.2418212890625,0.0049819835413343555
2020-10-28 00:00:00-04:00,43.36547088623047,-0.020007001997531346
2020-10-29 00:00:00-04:00,43.328311920166016,-0.0008572464399904342
2020-10-30 00:00:00-04:00,42.96599578857422,-0.008397269072394103
2020-11-02 00:00:00-05:00,43.4769401550293,0.011821678922071789
2020-11-03 00:00:00-05:00,44.21394729614258,0.01680960283751656
2020-11-04 00:00:00-05:00,43.960018157958984,-0.0057597464030774434
2020-11-05 00:00:00-05:00,44.42761993408203,0.010580804028181118
2020-11-06 00:00:00-05:00,45.13985061645508,0.015904115425394084
2020-11-09 00:00:00-05:00,44.44928741455078,-0.015416531382600553
2020-11-10 00:00:00-05:00,45.07481384277344,0.013974708474134014
2020-11-11 00:00:00-05:00,45.8242073059082,0.016488856150351415
2020-11-12 00:00:00-05:00,45.9016227722168,0.0016879756688833504
2020-11-13 00:00:00-05:00,46.6169548034668,0.015463840987170298
2020-11-16 00:00:00-05:00,47.20530319213867,0.012541930102482293
2020-11-17 00:00:00-05:00,46.254638671875,-0.0203444875084491
2020-11-18 00:00:00-05:00,46.16793441772461,-0.0018762576432936014
2020-11-19 00:00:00-05:00,47.10622787475586,0.020119722027471865
2020-11-20 00:00:00-05:00,46.524051666259766,-0.012435799916092245
2020-11-23 00:00:00-05:00,46.73772048950195,0.0045821389011214035
2020-11-24 00:00:00-05:00,46.87087631225586,0.0028449505091214184
2020-11-25 00:00:00-05:00,47.016422271728516,0.003100442301761731
2020-11-27 00:00:00-05:00,46.945186614990234,-0.0015162718312369862
2020-11-30 00:00:00-05:00,47.31368637084961,0.007818927206665268
2020-12-01 00:00:00-05:00,47.267242431640625,-0.0009820995316926718
2020-12-02 00:00:00-05:00,46.61076354980469,-0.013986014637067381
2020-12-03 00:00:00-05:00,46.23297119140625,-0.008138286220427879
2020-12-04 00:00:00-05:00,46.1121940612793,-0.002615777418611747
2020-12-07 00:00:00-05:00,45.86445617675781,-0.005386986435906104
2020-12-08 00:00:00-05:00,46.2794189453125,0.009006905196891075
2020-12-09 00:00:00-05:00,45.91400909423828,-0.00792706752147894
2020-12-10 00:00:00-05:00,45.69956588745117,-0.004681480849957099
2020-12-11 00:00:00-05:00,45.6871337890625,-0.00027207675754503647
2020-12-14 00:00:00-05:00,45.267555236816406,-0.00922616597386848
2020-12-15 00:00:00-05:00,45.24580001831055,-0.00048070737988820285
2020-12-16 00:00:00-05:00,45.19916534423828,-0.0010312277309866256
2020-12-17 00:00:00-05:00,45.40740966796875,0.004596679443550203
2020-12-18 00:00:00-05:00,45.36080551147461,-0.0010268828245064466
2020-12-21 00:00:00-05:00,45.36700439453125,0.00013664791584208953
2020-12-22 00:00:00-05:00,44.81689453125,-0.012199886961787228
2020-12-23 00:00:00-05:00,44.5123176574707,-0.006819226244090706
2020-12-24 00:00:00-05:00,44.59934616088867,0.001953246687536417
2020-12-28 00:00:00-05:00,45.133907318115234,0.01191459041618812
2020-12-29 00:00:00-05:00,44.84797668457031,-0.00635531471937615
2020-12-30 00:00:00-05:00,44.810691833496094,-0.0008317066010405537
2020-12-31 00:00:00-05:00,44.80135726928711,-0.0002083327931055796
2021-01-04 00:00:00-05:00,45.541053771972656,0.01637576469759015
2021-01-05 00:00:00-05:00,45.29862976074219,-0.005337415924785037
2021-01-06 00:00:00-05:00,45.58145523071289,0.006224166340896553
2021-01-07 00:00:00-05:00,45.57834243774414,-6.829310835634875e-05
2021-01-08 00:00:00-05:00,45.572120666503906,-0.00013651650332876313
2021-01-11 00:00:00-05:00,45.77727127075195,0.004491566824750085
2021-01-12 00:00:00-05:00,46.299400329589844,0.011341301685370456
2021-01-13 00:00:00-05:00,45.826995849609375,-0.010255662657749257
2021-01-14 00:00:00-05:00,45.67780685424805,-0.0032607933822927197
2021-01-15 00:00:00-05:00,44.95364761352539,-0.015980647255213417
2021-01-19 00:00:00-05:00,44.565147399902344,-0.008679800764996306
2021-01-20 00:00:00-05:00,45.22405242919922,0.014676973591435043
2021-01-21 00:00:00-05:00,45.018917083740234,-0.00454629762055749
2021-01-22 00:00:00-05:00,45.47889709472656,0.010165637178236944
2021-01-25 00:00:00-05:00,45.4384880065918,-0.0008889188959975569
2021-01-26 00:00:00-05:00,45.84563064575195,0.008920398092925682
2021-01-27 00:00:00-05:00,44.70500564575195,-0.02519441897306885
2021-01-28 00:00:00-05:00,44.677040100097656,-0.0006257531103359953
2021-01-29 00:00:00-05:00,43.66383743286133,-0.02293948454587499
2021-02-01 00:00:00-05:00,43.28466033935547,-0.008721933258236154
2021-02-02 00:00:00-05:00,43.75086975097656,0.010713185066464053
2021-02-03 00:00:00-05:00,43.884498596191406,0.003049657947517645
2021-02-04 00:00:00-05:00,44.29786682128906,0.009375372297533184
2021-02-05 00:00:00-05:00,44.866634368896484,0.012757885807719839
2021-02-08 00:00:00-05:00,45.07485580444336,0.004630161389140525
2021-02-09 00:00:00-05:00,45.32350158691406,0.005501126717277467
2021-02-10 00:00:00-05:00,44.79513931274414,-0.011726060736256464
2021-02-11 00:00:00-05:00,44.76094436645508,-0.0007636543838458969
2021-02-12 00:00:00-05:00,44.90080642700195,0.0031197734317873847
2021-02-16 00:00:00-05:00,45.27067184448242,0.008203647070922537
2021-02-17 00:00:00-05:00,45.74927520751953,0.010516546967311717
2021-02-18 00:00:00-05:00,42.78428649902344,-0.06700505183458993
2021-02-19 00:00:00-05:00,42.99563217163086,0.004927635827437105
2021-02-22 00:00:00-05:00,42.793609619140625,-0.004709749654091662
2021-02-23 00:00:00-05:00,42.1036376953125,-0.016254640456226585
2021-02-24 00:00:00-05:00,41.401241302490234,-0.016823279486255713
2021-02-25 00:00:00-05:00,41.0096321105957,-0.009503894894308643
2021-02-26 00:00:00-05:00,40.378719329833984,-0.01550407171497258
2021-03-01 00:00:00-05:00,40.829376220703125,0.011098930815523414
2021-03-02 00:00:00-05:00,40.437767028808594,-0.009637652006153094
2021-03-03 00:00:00-05:00,39.65456771850586,-0.01955803331693145
2021-03-04 00:00:00-05:00,39.635921478271484,-0.00047032729314666914
2021-03-05 00:00:00-05:00,40.13009262084961,0.012390677172604666
2021-03-08 00:00:00-05:00,39.74469757080078,-0.009650054539089304
2021-03-09 00:00:00-05:00,40.0586051940918,0.007867073953443306
2021-03-10 00:00:00-05:00,41.08113098144531,0.025205404164588253
2021-03-11 00:00:00-05:00,41.06557083129883,-0.0003788381027896227
2021-03-12 00:00:00-05:00,41.68406677246094,0.014948886229092418
2021-03-15 00:00:00-04:00,41.469627380371094,-0.005157675065282466
2021-03-16 00:00:00-04:00,41.457176208496094,-0.0003002930639964549
2021-03-17 00:00:00-04:00,41.11219787597656,-0.008356133098594001
2021-03-18 00:00:00-04:00,40.57540512084961,-0.013142764928761342
2021-03-19 00:00:00-04:00,41.11532211303711,0.013218754988110483
2021-03-22 00:00:00-04:00,41.31193923950195,0.004770691058935424
2021-03-23 00:00:00-04:00,41.80192565917969,0.011790862979029164
2021-03-24 00:00:00-04:00,41.54289245605469,-0.006215960224750775
2021-03-25 00:00:00-04:00,41.82376480102539,0.006738267238827595
2021-03-26 00:00:00-04:00,42.17331314086914,0.008322917087155168
2021-03-29 00:00:00-04:00,42.65394592285156,0.011332157392795549
2021-03-30 00:00:00-04:00,42.36370086669922,-0.0068279044344457885
2021-03-31 00:00:00-04:00,42.39178466796875,0.0006627017029086096
2021-04-01 00:00:00-04:00,42.32624816894531,-0.0015471679382037945
2021-04-05 00:00:00-04:00,43.51533126831055,0.02770590125557006
2021-04-06 00:00:00-04:00,43.72442626953125,0.004793580530508643
2021-04-07 00:00:00-04:00,43.630802154541016,-0.0021435271254443126
2021-04-08 00:00:00-04:00,43.60270690917969,-0.0006441388552244396
2021-04-09 00:00:00-04:00,43.62455749511719,0.0005010035920252763
2021-04-12 00:00:00-04:00,43.630802154541016,0.00014313526319902195
2021-04-13 00:00:00-04:00,43.496604919433594,-0.0030804851363079124
2021-04-14 00:00:00-04:00,43.48100280761719,-0.00035876157993938555
2021-04-15 00:00:00-04:00,43.74314498901367,0.006010788921997451
2021-04-16 00:00:00-04:00,43.88359069824219,0.0032055474482729092
2021-04-19 00:00:00-04:00,43.60270690917969,-0.006421228509247556
2021-04-20 00:00:00-04:00,43.93977737426758,0.007700766858194168
2021-04-21 00:00:00-04:00,44.06773376464844,0.0029078536340232004
2021-04-22 00:00:00-04:00,43.59023666381836,-0.010894658442889582
2021-04-23 00:00:00-04:00,43.66200637817383,0.0016451091236082444
2021-04-26 00:00:00-04:00,43.04095458984375,-0.01432620993402186
2021-04-27 00:00:00-04:00,43.18762969970703,0.003402009960753938
2021-04-28 00:00:00-04:00,43.034706115722656,-0.003547195581889041
2021-04-29 00:00:00-04:00,43.57773208618164,0.012539378800183186
2021-04-30 00:00:00-04:00,43.66513442993164,0.0020036566078350557
2021-05-03 00:00:00-04:00,44.354854583740234,0.01567221897690677
2021-05-04 00:00:00-04:00,43.917930603027344,-0.009899484829618435
2021-05-05 00:00:00-04:00,43.8804817199707,-0.0008530652055505592
2021-05-06 00:00:00-04:00,44.19379425048828,0.007114764185511698
2021-05-07 00:00:00-04:00,43.92747497558594,-0.00604439967937082
2021-05-10 00:00:00-04:00,44.121734619140625,0.004412531575059755
2021-05-11 00:00:00-04:00,43.723812103271484,-0.009059656463310832
2021-05-12 00:00:00-04:00,42.59272384643555,-0.026209416125960325
2021-05-13 00:00:00-04:00,43.31336975097656,0.016777920618948908
2021-05-14 00:00:00-04:00,43.71441650390625,0.00921658723288326
2021-05-17 00:00:00-04:00,43.51702117919922,-0.004525791776078478
2021-05-18 00:00:00-04:00,44.4632453918457,0.02151074860406137
2021-05-19 00:00:00-04:00,44.46638870239258,7.06920832452975e-05
2021-05-20 00:00:00-04:00,44.623043060302734,0.0035167924245738643
2021-05-21 00:00:00-04:00,44.413124084472656,-0.00471537289889057
2021-05-24 00:00:00-04:00,44.41625213623047,7.04283175722312e-05
2021-05-25 00:00:00-04:00,44.59797668457031,0.004083050613650147
2021-05-26 00:00:00-04:00,44.54471969604492,-0.0011948706293181048
2021-05-27 00:00:00-04:00,44.39431381225586,-0.003382227605502793
2021-05-28 00:00:00-04:00,44.5008544921875,0.0023969971141378013
2021-06-01 00:00:00-04:00,44.384925842285156,-0.0026084873238360388
2021-06-02 00:00:00-04:00,44.28779602050781,-0.0021907495018495104
2021-06-03 00:00:00-04:00,44.366127014160156,0.001767118957735356
2021-06-04 00:00:00-04:00,44.4444580078125,0.0017640017559812438
2021-06-07 00:00:00-04:00,44.14679718017578,-0.006719894579353799
2021-06-08 00:00:00-04:00,43.811553955078125,-0.007622808843200757
2021-06-09 00:00:00-04:00,43.57655334472656,-0.005378333141446565
2021-06-10 00:00:00-04:00,43.82720947265625,0.005735606958016669
2021-06-11 00:00:00-04:00,44.099796295166016,0.006200317943385975
2021-06-14 00:00:00-04:00,44.04026794433594,-0.0013507673359409416
2021-06-15 00:00:00-04:00,43.86481475830078,-0.003991883373064216
2021-06-16 00:00:00-04:00,42.971839904785156,-0.02056749734902171
2021-06-17 00:00:00-04:00,43.15044021606445,0.004147604245066317
2021-06-18 00:00:00-04:00,42.351470947265625,-0.01868946586570643
2021-06-21 00:00:00-04:00,42.73685836791992,0.009058587919079255
2021-06-22 00:00:00-04:00,42.93424606323242,0.004608042487638194
2021-06-23 00:00:00-04:00,42.598995208740234,-0.007839117665084161
2021-06-24 00:00:00-04:00,42.89664840698242,0.006963030822768511
2021-06-25 00:00:00-04:00,43.404232025146484,0.011763251281879232
2021-06-28 00:00:00-04:00,43.26950454711914,-0.0031088445442937545
2021-06-29 00:00:00-04:00,43.01884841918945,-0.005809748925535675
2021-06-30 00:00:00-04:00,44.18439865112305,0.026733400097749285
2021-07-01 00:00:00-04:00,43.65174865722656,-0.012128412721485167
2021-07-02 00:00:00-04:00,43.89927673339844,0.00565450226523848
2021-07-06 00:00:00-04:00,43.84601593017578,-0.0012139867142050632
2021-07-07 00:00:00-04:00,43.77394485473633,-0.001645083860975633
2021-07-08 00:00:00-04:00,43.73634338378906,-0.0008593612023957472
2021-07-09 00:00:00-04:00,43.95880126953125,0.005073447653029944
2021-07-12 00:00:00-04:00,43.8804817199707,-0.0017832470313855313
2021-07-13 00:00:00-04:00,44.046546936035156,0.0037773461939765015
2021-07-14 00:00:00-04:00,44.3504638671875,0.006876208276259301
2021-07-15 00:00:00-04:00,44.384925842285156,0.0007767357971405683
2021-07-16 00:00:00-04:00,44.35358428955078,-0.0007063799919792662
2021-07-19 00:00:00-04:00,44.25019454956055,-0.002333755699139133
2021-07-20 00:00:00-04:00,44.450721740722656,0.004521430920198603
2021-07-21 00:00:00-04:00,44.23139190673828,-0.004946437836515133
2021-07-22 00:00:00-04:00,44.26272201538086,0.0007080721770746043
2021-07-23 00:00:00-04:00,44.62617492675781,0.008177735338865394
2021-07-26 00:00:00-04:00,44.6888427734375,0.0014032994355797639
2021-07-27 00:00:00-04:00,44.69197463989258,7.007916344915108e-05
2021-07-28 00:00:00-04:00,44.51024627685547,-0.004074531162735734
2021-07-29 00:00:00-04:00,44.566646575927734,0.001266328557337192
2021-07-30 00:00:00-04:00,44.66377639770508,0.002177057037349157
2021-08-02 00:00:00-04:00,44.56037902832031,-0.002317700070711214
2021-08-03 00:00:00-04:00,45.06168746948242,0.011187282087796534
2021-08-04 00:00:00-04:00,44.754634857177734,-0.006837372107133077
2021-08-05 00:00:00-04:00,45.584930419921875,0.018382177069628917
2021-08-06 00:00:00-04:00,45.50347900390625,-0.0017884039965190188
2021-08-09 00:00:00-04:00,45.61314010620117,0.0024070505756902147
2021-08-10 00:00:00-04:00,46.58443832397461,0.021070708581229267
2021-08-11 00:00:00-04:00,47.00114059448242,0.008905325568210916
2021-08-12 00:00:00-04:00,46.8753547668457,-0.0026798167619973817
2021-08-13 00:00:00-04:00,47.02315139770508,0.003148010739497519
2021-08-16 00:00:00-04:00,47.406803131103516,0.008125681014004392
2021-08-17 00:00:00-04:00,47.391090393066406,-0.00033149973268120636
2021-08-18 00:00:00-04:00,46.887935638427734,-0.010673838135133538
2021-08-19 00:00:00-04:00,47.20555114746094,0.006751088225485504
2021-08-20 00:00:00-04:00,47.62694549560547,0.008887188181458816
2021-08-23 00:00:00-04:00,47.31247329711914,-0.0066247161102161445
2021-08-24 00:00:00-04:00,46.82503128051758,-0.010356050443522172
2021-08-25 00:00:00-04:00,46.84389877319336,0.0004028548830466927
2021-08-26 00:00:00-04:00,46.33761215209961,-0.010866782438071449
2021-08-27 00:00:00-04:00,46.07658386230469,-0.005649110098296466
2021-08-30 00:00:00-04:00,46.447669982910156,0.008021423462959937
2021-08-31 00:00:00-04:00,46.57347106933594,0.0027047864968777003
2021-09-01 00:00:00-04:00,46.47282791137695,-0.00216329286196107
2021-09-02 00:00:00-04:00,46.71811294555664,0.005264151179379863
2021-09-03 00:00:00-04:00,46.93510055541992,0.004633861242490311
2021-09-07 00:00:00-04:00,46.31243896484375,-0.013355223069302103
2021-09-08 00:00:00-04:00,46.37220001220703,0.0012895568522363458
2021-09-09 00:00:00-04:00,46.04514694213867,-0.007077771568902602
2021-09-10 00:00:00-04:00,45.878475189208984,-0.0036263134918255095
2021-09-13 00:00:00-04:00,45.617454528808594,-0.005705638913487415
2021-09-14 00:00:00-04:00,45.37845993041992,-0.005252876447280712
2021-09-15 00:00:00-04:00,45.45707321166992,0.0017308931462776693
2021-09-16 00:00:00-04:00,45.60802459716797,0.003315244311752392
2021-09-17 00:00:00-04:00,45.51368713378906,-0.0020705821980592457
2021-09-20 00:00:00-04:00,44.88788604736328,-0.013845137001695781
2021-09-21 00:00:00-04:00,44.97593307495117,0.0019595662998111826
2021-09-22 00:00:00-04:00,44.872154235839844,-0.0023100967058778477
2021-09-23 00:00:00-04:00,44.897315979003906,0.0005605857707031336
2021-09-24 00:00:00-04:00,45.023109436035156,0.0027978857642545797
2021-09-27 00:00:00-04:00,44.73379898071289,-0.0064465557550302385
2021-09-28 00:00:00-04:00,44.18346405029297,-0.012378742644799049
2021-09-29 00:00:00-04:00,44.16459274291992,-0.00042720368381669876
2021-09-30 00:00:00-04:00,43.831260681152344,-0.007576121900471318
2021-10-01 00:00:00-04:00,43.09853744506836,-0.016858214446317195
2021-10-04 00:00:00-04:00,42.68342590332031,-0.009678369807828092
2021-10-05 00:00:00-04:00,42.96331024169922,0.006535808538406797
2021-10-06 00:00:00-04:00,43.27778244018555,0.007292894431344526
2021-10-07 00:00:00-04:00,43.78722381591797,0.011702685424293794
2021-10-08 00:00:00-04:00,43.919307708740234,0.0030119533945778287
2021-10-11 00:00:00-04:00,43.87842559814453,-0.0009312794763731799
2021-10-12 00:00:00-04:00,43.831260681152344,-0.0010754780581045402
2021-10-13 00:00:00-04:00,43.513633728027344,-0.007272968966851235
2021-10-14 00:00:00-04:00,43.985347747802734,0.010782264703520004
2021-10-15 00:00:00-04:00,44.19918441772461,0.004849764097948056
2021-10-18 00:00:00-04:00,44.554542541503906,0.008007776909929931
2021-10-19 00:00:00-04:00,45.5011100769043,0.021022609218233512
2021-10-20 00:00:00-04:00,45.9130744934082,0.009013200902240762
2021-10-21 00:00:00-04:00,46.167789459228516,0.005532433223912699
2021-10-22 00:00:00-04:00,46.6489372253418,0.010367788074731541
2021-10-25 00:00:00-04:00,47.18982696533203,0.011528193811207591
2021-10-26 00:00:00-04:00,46.77786636352539,-0.008768188864544517
2021-10-27 00:00:00-04:00,46.394203186035156,-0.008235630009252665
2021-10-28 00:00:00-04:00,46.68352508544922,0.006216800444325969
2021-10-29 00:00:00-04:00,46.98855972290039,0.006512841393426994
2021-11-01 00:00:00-04:00,47.10491943359375,0.0024732802113801005
2021-11-02 00:00:00-04:00,47.08290481567383,-0.00046746208432521974
2021-11-03 00:00:00-04:00,47.22756576538086,0.0030677625139203996
2021-11-04 00:00:00-04:00,47.573490142822266,0.007297933750822432
2021-11-05 00:00:00-04:00,47.2432975769043,-0.006964882667932346
2021-11-08 00:00:00-05:00,46.94139862060547,-0.006410807752251038
2021-11-09 00:00:00-05:00,47.10491943359375,0.00347745623976575
2021-11-10 00:00:00-05:00,46.680381774902344,-0.00905345620237835
2021-11-11 00:00:00-05:00,46.69925308227539,0.0004041846524421296
2021-11-12 00:00:00-05:00,46.46653747558594,-0.00499574123279403
2021-11-15 00:00:00-05:00,46.19923782348633,-0.005769128734118759
2021-11-16 00:00:00-05:00,45.023109436035156,-0.02578739964924239
2021-11-17 00:00:00-05:00,44.63630294799805,-0.008628405597158464
2021-11-18 00:00:00-05:00,45.01997375488281,0.008558757134611624
2021-11-19 00:00:00-05:00,44.777809143066406,-0.005393567436964653
2021-11-22 00:00:00-05:00,45.5294075012207,0.016645750815346194
2021-11-23 00:00:00-05:00,45.853309631347656,0.007088944096082147
2021-11-24 00:00:00-05:00,46.08289337158203,0.0049944246111672305
2021-11-26 00:00:00-05:00,45.56714630126953,-0.011254823594783499
2021-11-29 00:00:00-05:00,44.85329055786133,-0.015790027121775928
2021-11-30 00:00:00-05:00,44.2243537902832,-0.014121325807372373
2021-12-01 00:00:00-05:00,43.12683868408203,-0.025130117479129032
2021-12-02 00:00:00-05:00,42.601661682128906,-0.012252251457925254
2021-12-03 00:00:00-05:00,43.24318313598633,0.014946346465035423
2021-12-06 00:00:00-05:00,43.711753845214844,0.010777427043839547
2021-12-07 00:00:00-05:00,43.570247650146484,-0.0032425085727952876
2021-12-08 00:00:00-05:00,43.12997817993164,-0.010156219327729346
2021-12-09 00:00:00-05:00,43.729896545410156,0.013813694918521364
2021-12-10 00:00:00-05:00,44.52869415283203,0.01810179412897752
2021-12-13 00:00:00-05:00,45.3306884765625,0.01785045914400849
2021-12-14 00:00:00-05:00,45.76324462890625,0.009496996972660739
2021-12-15 00:00:00-05:00,46.025306701660156,0.005710140992850568
2021-12-16 00:00:00-05:00,45.25806427001953,-0.016810520723299794
2021-12-17 00:00:00-05:00,43.80882263183594,-0.032545643130695814
2021-12-20 00:00:00-05:00,43.95089340209961,0.0032377245687011244
2021-12-21 00:00:00-05:00,44.08351516723633,0.0030129552210145546
2021-12-22 00:00:00-05:00,44.14034652709961,0.0012883445959564214
2021-12-23 00:00:00-05:00,44.04246520996094,-0.0022199645352451907
2021-12-27 00:00:00-05:00,44.44344711303711,0.009063242664186968
2021-12-28 00:00:00-05:00,45.08124542236328,0.014248786164601705
2021-12-29 00:00:00-05:00,45.059146881103516,-0.0004903138568132305
2021-12-30 00:00:00-05:00,45.20438766479492,0.003218152485851142
2021-12-31 00:00:00-05:00,45.6843147277832,0.01056086204204777
2022-01-03 00:00:00-05:00,45.67168426513672,-0.0002765108556896552
2022-01-04 00:00:00-05:00,44.83496856689453,-0.018490122223646977
2022-01-05 00:00:00-05:00,45.44118881225586,0.013430552992547976
2022-01-06 00:00:00-05:00,45.31489944458008,-0.0027830518395992026
2022-01-07 00:00:00-05:00,45.747459411621094,0.009500373720530846
2022-01-10 00:00:00-05:00,45.65904998779297,-0.0019344235323715858
2022-01-11 00:00:00-05:00,45.52960205078125,-0.0028391257260752226
2022-01-12 00:00:00-05:00,45.28963851928711,-0.005284432867030986
2022-01-13 00:00:00-05:00,45.93058776855469,0.014053019239199233
2022-01-14 00:00:00-05:00,45.8011360168457,-0.002822400633081167
2022-01-18 00:00:00-05:00,44.99915313720703,-0.01766522425372867
2022-01-19 00:00:00-05:00,45.447509765625,0.009914358067052749
2022-01-20 00:00:00-05:00,44.58869552612305,-0.01907766512824813
2022-01-21 00:00:00-05:00,44.26348114013672,-0.007320379769750377
2022-01-24 00:00:00-05:00,44.26663589477539,7.126963672173907e-05
2022-01-25 00:00:00-05:00,43.30363464355469,-0.021994680780544392
2022-01-26 00:00:00-05:00,42.86160659790039,-0.010260098317040785
2022-01-27 00:00:00-05:00,42.89002227783203,0.0006627438182638684
2022-01-28 00:00:00-05:00,43.42046356201172,0.012291622679061703
2022-01-31 00:00:00-05:00,44.14350128173828,0.016514879253330176
2022-02-01 00:00:00-05:00,44.490821838378906,0.007837197197716226
2022-02-02 00:00:00-05:00,44.47187423706055,-0.00042596734228451233
2022-02-03 00:00:00-05:00,44.51607894897461,0.0009934988718672741
2022-02-04 00:00:00-05:00,43.991943359375,-0.011843936922547012
2022-02-07 00:00:00-05:00,43.55937957763672,-0.009881456657962775
2022-02-08 00:00:00-05:00,43.56885528564453,0.00021751176435602648
2022-02-09 00:00:00-05:00,43.47414016723633,-0.002176284382172036
2022-02-10 00:00:00-05:00,42.965797424316406,-0.011761891956519364
2022-02-11 00:00:00-05:00,42.7289924621582,-0.005526720241259292
2022-02-14 00:00:00-05:00,42.29327392578125,-0.010249605647894405
2022-02-15 00:00:00-05:00,42.425880432128906,0.003130499015205018
2022-02-16 00:00:00-05:00,42.1606559753418,-0.00627110027792339
2022-02-17 00:00:00-05:00,43.84987258911133,0.03928434990698732
2022-02-18 00:00:00-05:00,43.56885528564453,-0.006429246416423931
2022-02-22 00:00:00-05:00,43.08262634277344,-0.011222752043179945
2022-02-23 00:00:00-05:00,42.64057922363281,-0.010313450937623267
2022-02-24 00:00:00-05:00,42.47639465332031,-0.0038578621035348405
2022-02-25 00:00:00-05:00,43.06051254272461,0.013657893149087674
2022-02-28 00:00:00-05:00,42.67531204223633,-0.008985814139253036
2022-03-01 00:00:00-05:00,42.937381744384766,0.00612223512953915
2022-03-02 00:00:00-05:00,42.991050720214844,0.0012491554022213145
2022-03-03 00:00:00-05:00,43.979312896728516,0.022727390672419655
2022-03-04 00:00:00-05:00,45.093875885009766,0.025027085679287523
2022-03-07 00:00:00-05:00,44.73077392578125,-0.008084728140263439
2022-03-08 00:00:00-05:00,43.805660247802734,-0.020898681023862973
2022-03-09 00:00:00-05:00,44.032989501953125,0.005176075960724658
2022-03-10 00:00:00-05:00,45.03388977050781,0.022476197943957322
2022-03-11 00:00:00-05:00,44.85707092285156,-0.003934079118614786
2022-03-14 00:00:00-04:00,45.48223114013672,0.013840492068839184
2022-03-15 00:00:00-04:00,46.028465270996094,0.011938290054238175
2022-03-16 00:00:00-04:00,45.8926887512207,-0.00295419743075095
2022-03-17 00:00:00-04:00,45.962432861328125,0.0015185679858850212
2022-03-18 00:00:00-04:00,46.098724365234375,0.0029608926844538084
2022-03-21 00:00:00-04:00,45.715206146240234,-0.008354297598853155
2022-03-22 00:00:00-04:00,45.57891082763672,-0.0029858532922159156
2022-03-23 00:00:00-04:00,44.99252700805664,-0.012948718200429197
2022-03-24 00:00:00-04:00,45.27145004272461,0.006180182428506161
2022-03-25 00:00:00-04:00,45.46796417236328,0.004331401928756754
2022-03-28 00:00:00-04:00,46.27621841430664,0.017620194124309606
2022-03-29 00:00:00-04:00,46.666080474853516,0.008389384635466655
2022-03-30 00:00:00-04:00,47.50285720825195,0.017772288375061725
2022-03-31 00:00:00-04:00,47.201744079589844,-0.0063590182366118995
2022-04-01 00:00:00-04:00,47.86418914794922,0.01393676511129269
2022-04-04 00:00:00-04:00,47.87370681762695,0.00019882763482726915
2022-04-05 00:00:00-04:00,48.00999450683594,0.0028427726320292084
2022-04-06 00:00:00-04:00,49.125694274902344,0.02297299478623604
2022-04-07 00:00:00-04:00,49.61698532104492,0.009951018186448272
2022-04-08 00:00:00-04:00,49.89273452758789,0.005542170408682261
2022-04-11 00:00:00-04:00,48.9038200378418,-0.020019878694194054
2022-04-12 00:00:00-04:00,48.56784439086914,-0.00689383893349456
2022-04-13 00:00:00-04:00,49.832515716552734,0.025706023122897468
2022-04-14 00:00:00-04:00,49.78814697265625,-0.0008907538984873704
2022-04-18 00:00:00-04:00,49.40778732299805,-0.007668893216185946
2022-04-19 00:00:00-04:00,49.96881103515625,0.011290981612359554
2022-04-20 00:00:00-04:00,50.59638977050781,0.012481193839041196
2022-04-21 00:00:00-04:00,50.67247009277344,0.001502541584486603
2022-04-22 00:00:00-04:00,49.71841049194336,-0.019007469980655133
2022-04-25 00:00:00-04:00,49.743770599365234,0.0005099447386570987
2022-04-26 00:00:00-04:00,49.22394943237305,-0.010504959540067346
2022-04-27 00:00:00-04:00,48.88796615600586,-0.006849006825214439
2022-04-28 00:00:00-04:00,49.512386322021484,0.0126915916840935
2022-04-29 00:00:00-04:00,48.49177551269531,-0.02082866049457102
2022-05-02 00:00:00-04:00,48.17164993286133,-0.006623534159180753
2022-05-03 00:00:00-04:00,48.339630126953125,0.0034810514090314777
2022-05-04 00:00:00-04:00,49.008419036865234,0.01374037667500051
2022-05-05 00:00:00-04:00,48.58850860595703,-0.008605045919634194
2022-05-06 00:00:00-04:00,47.57691955566406,-0.021039294151919297
2022-05-09 00:00:00-04:00,48.13361740112305,0.011633079099491466
2022-05-10 00:00:00-04:00,47.45603561401367,-0.014177123039467771
2022-05-11 00:00:00-04:00,46.95977783203125,-0.010512271914910882
2022-05-12 00:00:00-04:00,46.91524124145508,-0.0009488486789593979
2022-05-13 00:00:00-04:00,47.09656524658203,0.0038574778369731473
2022-05-16 00:00:00-04:00,47.14745330810547,0.0010799214050810964
2022-05-17 00:00:00-04:00,41.78408432006836,-0.12076448593638246
2022-05-18 00:00:00-04:00,38.94651794433594,-0.0703261389019108
2022-05-19 00:00:00-04:00,37.87765121459961,-0.027828109783956955
2022-05-20 00:00:00-04:00,37.91901779174805,0.0010915144899573508
2022-05-23 00:00:00-04:00,39.00059509277344,0.028124129867288288
2022-05-24 00:00:00-04:00,39.48731231689453,0.012402508339482816
2022-05-25 00:00:00-04:00,39.245548248291016,-0.006141395771649584
2022-05-26 00:00:00-04:00,40.082176208496094,0.0210937345516373
2022-05-27 00:00:00-04:00,40.87110137939453,0.019491493649395394
2022-05-31 00:00:00-04:00,40.9188232421875,0.0011669375764599686
2022-06-01 00:00:00-04:00,39.907222747802734,-0.02503285438598324
2022-06-02 00:00:00-04:00,40.56253433227539,0.01628751210663704
2022-06-03 00:00:00-04:00,39.86587142944336,-0.017324235640794664
2022-06-06 00:00:00-04:00,39.72271728515625,-0.0035973573844863007
2022-06-07 00:00:00-04:00,39.245548248291016,-0.01208523047286558
2022-06-08 00:00:00-04:00,38.905155181884766,-0.008711251570344471
2022-06-09 00:00:00-04:00,38.49797439575195,-0.010521138987514401
2022-06-10 00:00:00-04:00,38.71430206298828,0.005603467303239635
2022-06-13 00:00:00-04:00,37.98582458496094,-0.018996041222691804
2022-06-14 00:00:00-04:00,38.00172424316406,0.0004184806242697252
2022-06-15 00:00:00-04:00,37.97627258300781,-0.0006699745234535114
2022-06-16 00:00:00-04:00,38.3707389831543,0.010333604479150226
2022-06-17 00:00:00-04:00,37.629539489746094,-0.019505796791215325
2022-06-21 00:00:00-04:00,38.86380386352539,0.03227395882625344
2022-06-22 00:00:00-04:00,38.393009185791016,-0.012187934941058822
2022-06-23 00:00:00-04:00,39.325077056884766,0.02398701786414635
2022-06-24 00:00:00-04:00,39.35688400268555,0.0008084940208666184
2022-06-27 00:00:00-04:00,39.484130859375,0.003227938336419465
2022-06-28 00:00:00-04:00,38.92743682861328,-0.014199521851951837
2022-06-29 00:00:00-04:00,38.784278869628906,-0.003684338188591542
2022-06-30 00:00:00-04:00,38.67613220214844,-0.0027923099361943328
2022-07-01 00:00:00-04:00,39.0101432800293,0.008599025605497043
2022-07-05 00:00:00-04:00,39.525482177734375,0.013123885914337816
2022-07-06 00:00:00-04:00,39.805419921875,0.007057499629172203
2022-07-07 00:00:00-04:00,39.86587142944336,0.0015175232670153512
2022-07-08 00:00:00-04:00,39.89131164550781,0.0006379417112394018
2022-07-11 00:00:00-04:00,39.907222747802734,0.0003987818229181701
2022-07-12 00:00:00-04:00,39.78633117675781,-0.0030339132294068083
2022-07-13 00:00:00-04:00,39.88177490234375,0.0023960346478650615
2022-07-14 00:00:00-04:00,40.66114807128906,0.019353593511520505
2022-07-15 00:00:00-04:00,41.05879211425781,0.009731949888721373
2022-07-18 00:00:00-04:00,40.963356018066406,-0.002327082170670575
2022-07-19 00:00:00-04:00,41.21466827392578,0.006116307649732145
2022-07-20 00:00:00-04:00,41.55823516845703,0.008301481603400327
2022-07-21 00:00:00-04:00,42.16582107543945,0.01451426508870016
2022-07-22 00:00:00-04:00,42.05766296386719,-0.002568361360520762
2022-07-25 00:00:00-04:00,41.99721908569336,-0.0014382005451343469
2022-07-26 00:00:00-04:00,38.80336380004883,-0.07909646509694014
2022-07-27 00:00:00-04:00,40.26987075805664,0.03709662672407453
2022-07-28 00:00:00-04:00,41.275108337402344,0.024656049100266857
2022-07-29 00:00:00-04:00,42.00675964355469,0.01757093465420258
2022-08-01 00:00:00-04:00,42.16263961791992,0.0037039625789684768
2022-08-02 00:00:00-04:00,42.20716094970703,0.001055385591053693
2022-08-03 00:00:00-04:00,41.5136833190918,-0.016566805973695344
2022-08-04 00:00:00-04:00,39.94540023803711,-0.038509563811913325
2022-08-05 00:00:00-04:00,40.266685485839844,0.008010936584206011
2022-08-08 00:00:00-04:00,40.59434509277344,0.008104309281555823
2022-08-09 00:00:00-04:00,40.99516677856445,0.009825402828236802
2022-08-10 00:00:00-04:00,41.081058502197266,0.0020929752725195746
2022-08-11 00:00:00-04:00,41.47723388671875,0.009597544089717613
2022-08-12 00:00:00-04:00,42.2440299987793,0.018318346347004282
2022-08-15 00:00:00-04:00,42.36543655395508,0.002869812172226996
2022-08-16 00:00:00-04:00,44.528438568115234,0.04979519981367501
2022-08-17 00:00:00-04:00,44.57636260986328,0.001075678206684555
2022-08-18 00:00:00-04:00,44.432586669921875,-0.003230597960115995
2022-08-19 00:00:00-04:00,43.77761459350586,-0.014850529852316377
2022-08-22 00:00:00-04:00,42.994850158691406,-0.01804225962530724
2022-08-23 00:00:00-04:00,42.8127326965332,-0.004244793514784999
2022-08-24 00:00:00-04:00,43.12265396118164,0.007212921716441299
2022-08-25 00:00:00-04:00,43.410194396972656,0.006645834490953991
2022-08-26 00:00:00-04:00,42.045936584472656,-0.031931558662387095
2022-08-29 00:00:00-04:00,42.454891204833984,0.00967938004827119
2022-08-30 00:00:00-04:00,42.32710266113281,-0.0030145231232654823
2022-08-31 00:00:00-04:00,42.349464416503906,0.0005281686932449193
2022-09-01 00:00:00-04:00,42.966087341308594,0.014455363632922638
2022-09-02 00:00:00-04:00,42.493228912353516,-0.011066394523036345
2022-09-06 00:00:00-04:00,42.282371520996094,-0.00497449325266128
2022-09-07 00:00:00-04:00,43.36865234375,0.025366633622154928
2022-09-08 00:00:00-04:00,43.589111328125,0.005070495086294657
2022-09-09 00:00:00-04:00,43.72010803222656,0.0030007553236248152
2022-09-12 00:00:00-04:00,44.113094329833984,0.008948527650998168
2022-09-13 00:00:00-04:00,43.20252227783203,-0.020857782352128807
2022-09-14 00:00:00-04:00,43.10667037963867,-0.002221129282953527
2022-09-15 00:00:00-04:00,42.64339828491211,-0.010805276528371842
2022-09-16 00:00:00-04:00,42.55393981933594,-0.0021000303634755822
2022-09-19 00:00:00-04:00,42.91817092895508,0.008522857601449949
2022-09-20 00:00:00-04:00,42.6689567565918,-0.005823653239509688
2022-09-21 00:00:00-04:00,43.058746337890625,0.009093729410496142
2022-09-22 00:00:00-04:00,42.617835998535156,-0.01029252614155879
2022-09-23 00:00:00-04:00,41.55391311645508,-0.025281155701020033
2022-09-26 00:00:00-04:00,41.953285217285156,0.00956504717385003
2022-09-27 00:00:00-04:00,41.8382682800293,-0.0027453127360214753
2022-09-28 00:00:00-04:00,42.528385162353516,0.01636030936720693
2022-09-29 00:00:00-04:00,42.25361251831055,-0.0064818856267419254
2022-09-30 00:00:00-04:00,41.43889617919922,-0.019469892545810205
2022-10-03 00:00:00-04:00,42.343074798583984,0.021584923676711016
2022-10-04 00:00:00-04:00,42.892608642578125,0.012894633705237264
2022-10-05 00:00:00-04:00,42.46767807006836,-0.009956247783099571
2022-10-06 00:00:00-04:00,42.07149887084961,-0.009372745604067914
2022-10-07 00:00:00-04:00,41.07466506958008,-0.023979015217387524
2022-10-10 00:00:00-04:00,41.31748962402344,0.005894378133398501
2022-10-11 00:00:00-04:00,42.38779830932617,0.025574657194170083
2022-10-12 00:00:00-04:00,41.908546447753906,-0.011370766470470335
2022-10-13 00:00:00-04:00,42.2631950378418,0.008426835004355504
2022-10-14 00:00:00-04:00,41.67213439941406,-0.014083948022173878
2022-10-17 00:00:00-04:00,41.97245407104492,0.007180882053981204
2022-10-18 00:00:00-04:00,42.857460021972656,0.02086617842141327
2022-10-19 00:00:00-04:00,42.73604965209961,-0.0028369078861635332
2022-10-20 00:00:00-04:00,42.841487884521484,0.0024641579743785533
2022-10-21 00:00:00-04:00,43.70732116699219,0.020008644320590987
2022-10-24 00:00:00-04:00,44.54122543334961,0.018899554052945012
2022-10-25 00:00:00-04:00,44.75208282470703,0.0047228126586678935
2022-10-26 00:00:00-04:00,45.09394454956055,0.007609983093588286
2022-10-27 00:00:00-04:00,44.96295928955078,-0.0029089463837190057
2022-10-28 00:00:00-04:00,45.53166198730469,0.012568927889495016
2022-10-31 00:00:00-04:00,45.47415542602539,-0.0012637998441833542
2022-11-01 00:00:00-04:00,45.2696647644043,-0.004506995789765072
2022-11-02 00:00:00-04:00,44.9693489074707,-0.006656033869354262
2022-11-03 00:00:00-04:00,44.95976257324219,-0.00021319757544544229
2022-11-04 00:00:00-04:00,45.039634704589844,0.0017749486048326745
2022-11-07 00:00:00-05:00,45.51250076293945,0.010444156932779277
2022-11-08 00:00:00-05:00,45.62112045288086,0.0023837468527196544
2022-11-09 00:00:00-05:00,44.560394287109375,-0.02352533308370424
2022-11-10 00:00:00-05:00,45.483741760253906,0.020509494117164736
2022-11-11 00:00:00-05:00,45.55403137207031,0.0015441859651253783
2022-11-14 00:00:00-05:00,44.2153434753418,-0.02982725781959229
2022-11-15 00:00:00-05:00,47.10679244995117,0.06334533770282283
2022-11-16 00:00:00-05:00,47.445465087890625,0.0071637440527718525
2022-11-17 00:00:00-05:00,47.285709381103516,-0.003372825453296481
2022-11-18 00:00:00-05:00,47.998191833496094,0.014955217463997651
2022-11-21 00:00:00-05:00,48.2921257019043,0.006105178358927477
2022-11-22 00:00:00-05:00,48.46464920043945,0.0035661312925162024
2022-11-23 00:00:00-05:00,48.69788360595703,0.004800921646704885
2022-11-25 00:00:00-05:00,48.90556335449219,0.00425558867901828
2022-11-28 00:00:00-05:00,49.04613494873047,0.0028702246755893156
2022-11-29 00:00:00-05:00,48.87361145019531,-0.003523777039842727
2022-11-30 00:00:00-05:00,48.69788360595703,-0.003602036314764763
2022-12-01 00:00:00-05:00,49.001407623291016,0.006213453342948972
2022-12-02 00:00:00-05:00,48.9534912109375,-0.0009783362903882686
2022-12-05 00:00:00-05:00,48.451866149902344,-0.0102998337927031
2022-12-06 00:00:00-05:00,47.889556884765625,-0.011673393080802154
2022-12-07 00:00:00-05:00,47.640350341796875,-0.005217363138000518
2022-12-08 00:00:00-05:00,47.714115142822266,0.0015471706619078211
2022-12-09 00:00:00-05:00,46.60127639770508,-0.02359933779878726
2022-12-12 00:00:00-05:00,47.47038269042969,0.018478062997796744
2022-12-13 00:00:00-05:00,47.300411224365234,-0.0035870048416713745
2022-12-14 00:00:00-05:00,47.03743362426758,-0.005575244626474472
2022-12-15 00:00:00-05:00,46.6173095703125,-0.008971822626999243
2022-12-16 00:00:00-05:00,45.780277252197266,-0.01811855147570159
2022-12-19 00:00:00-05:00,45.79631423950195,0.0003502420696685055
2022-12-20 00:00:00-05:00,46.19719314575195,0.008715429059316847
2022-12-21 00:00:00-05:00,46.55958557128906,0.007813860602167025
2022-12-22 00:00:00-05:00,46.01438522338867,-0.01177883257401753
2022-12-23 00:00:00-05:00,46.10739517211914,0.002019283169195958
2022-12-27 00:00:00-05:00,46.12022018432617,0.0002781165324536632
2022-12-28 00:00:00-05:00,45.31205368041992,-0.01767838679595273
2022-12-29 00:00:00-05:00,45.587852478027344,0.00606820525073788
2022-12-30 00:00:00-05:00,45.4724006652832,-0.0025357248771187123
2023-01-03 00:00:00-05:00,46.05288314819336,0.012684806694157528
2023-01-04 00:00:00-05:00,46.104183197021484,0.0011133178639763958
2023-01-05 00:00:00-05:00,45.94704055786133,-0.003414246664022696
2023-01-06 00:00:00-05:00,47.07270812988281,0.024203946830998507
2023-01-09 00:00:00-05:00,46.485816955566406,-0.012546133494160916
2023-01-10 00:00:00-05:00,46.456966400146484,-0.0006208240232303599
2023-01-11 00:00:00-05:00,46.864253997802734,0.008728779626050693
2023-01-12 00:00:00-05:00,46.440921783447266,-0.009074204418206108
2023-01-13 00:00:00-05:00,46.5948600769043,0.0033092307252211637
2023-01-17 00:00:00-05:00,46.31263732910156,-0.00607536794670659
2023-01-18 00:00:00-05:00,45.1677360534668,-0.02503184049077579
2023-01-19 00:00:00-05:00,44.52312088012695,-0.014374403249690417
2023-01-20 00:00:00-05:00,45.07152557373047,0.012242060531979985
2023-01-23 00:00:00-05:00,45.744998931884766,0.014831787667993437
2023-01-24 00:00:00-05:00,45.86686706542969,0.002660533198501022
2023-01-25 00:00:00-05:00,45.64878845214844,-0.004765939222909975
2023-01-26 00:00:00-05:00,45.60708999633789,-0.0009138799477167931
2023-01-27 00:00:00-05:00,45.95665740966797,0.00763553527651431
2023-01-30 00:00:00-05:00,45.587852478027344,-0.008057434080854325
2023-01-31 00:00:00-05:00,46.139469146728516,0.012027459401258097
2023-02-01 00:00:00-05:00,46.39602279663086,0.005544992561608681
2023-02-02 00:00:00-05:00,46.05928421020508,-0.0072843860744379275
2023-02-03 00:00:00-05:00,45.44675064086914,-0.01338802887657435
2023-02-06 00:00:00-05:00,45.11642074584961,-0.007295048415614796
2023-02-07 00:00:00-05:00,45.21263122558594,0.002130223090332943
2023-02-08 00:00:00-05:00,44.96889877319336,-0.005405387241661916
2023-02-09 00:00:00-05:00,45.38581085205078,0.009228407448603825
2023-02-10 00:00:00-05:00,46.09135055541992,0.01542578897321017
2023-02-13 00:00:00-05:00,46.79369354248047,0.015123131605324315
2023-02-14 00:00:00-05:00,46.65900421142578,-0.0028825154875533505
2023-02-15 00:00:00-05:00,47.0053596496582,0.007395705317466444
2023-02-16 00:00:00-05:00,46.26774215698242,-0.01581662570531912
2023-02-17 00:00:00-05:00,46.96366882324219,0.014929294425449652
2023-02-21 00:00:00-05:00,47.24909210205078,0.006059139955941527
2023-02-22 00:00:00-05:00,46.25812530517578,-0.02119630818155198
2023-02-23 00:00:00-05:00,45.5686149597168,-0.015017919674555241
2023-02-24 00:00:00-05:00,45.69047927856445,0.00267073418383538
2023-02-27 00:00:00-05:00,45.36015319824219,-0.007255908511376816
2023-02-28 00:00:00-05:00,45.58144760131836,0.004866746085712275
2023-03-01 00:00:00-05:00,44.946449279785156,-0.014029017751541702
2023-03-02 00:00:00-05:00,45.058692932128906,0.0024941621728010776
2023-03-03 00:00:00-05:00,45.113216400146484,0.0012093228382584883
2023-03-06 00:00:00-05:00,45.10679626464844,-0.00014232176031139855
2023-03-07 00:00:00-05:00,44.65781784057617,-0.01000354477499547
2023-03-08 00:00:00-05:00,44.28900909423828,-0.008292839051436046
2023-03-09 00:00:00-05:00,43.990753173828125,-0.0067570878662668215
2023-03-10 00:00:00-05:00,43.92661666870117,-0.0014590180898107548
2023-03-13 00:00:00-04:00,44.054893493652344,0.002915997136436707
2023-03-14 00:00:00-04:00,44.28900909423828,0.005300108819640941
2023-03-15 00:00:00-04:00,44.78288650512695,0.011089524229261386
2023-03-16 00:00:00-04:00,44.52849197387695,-0.005696815424547697
2023-03-17 00:00:00-04:00,44.889156341552734,0.00806700534779275
2023-03-20 00:00:00-04:00,45.37218475341797,0.010702987947319567
2023-03-21 00:00:00-04:00,45.21761703491211,-0.0034124783463416975
2023-03-22 00:00:00-04:00,44.92779541015625,-0.0064301136460142684
2023-03-23 00:00:00-04:00,45.29167556762695,0.008066598632544284
2023-03-24 00:00:00-04:00,45.66199493408203,0.008143077914821483
2023-03-27 00:00:00-04:00,46.42517852783203,0.016575621528619685
2023-03-28 00:00:00-04:00,46.24485397338867,-0.003891760414296836
2023-03-29 00:00:00-04:00,46.44450759887695,0.004308022644313532
2023-03-30 00:00:00-04:00,46.908203125,0.009934351902210896
2023-03-31 00:00:00-04:00,47.48139572143555,0.012145398421585402
2023-04-03 00:00:00-04:00,47.88068771362305,0.00837427856611614
2023-04-04 00:00:00-04:00,47.410545349121094,-0.009867564185124687
2023-04-05 00:00:00-04:00,48.19626998901367,0.016436952265213998
2023-04-06 00:00:00-04:00,48.56015396118164,0.0075216853392126755
2023-04-10 00:00:00-04:00,48.46677017211914,-0.0019249052514222777
2023-04-11 00:00:00-04:00,48.32508087158203,-0.0029277134431633356
2023-04-12 00:00:00-04:00,48.090003967285156,-0.004876360800013222
2023-04-13 00:00:00-04:00,48.138309478759766,0.0010039771830612466
2023-04-14 00:00:00-04:00,47.81306457519531,-0.006779395344021694
2023-04-17 00:00:00-04:00,48.14796829223633,0.006980022343684819
2023-04-18 00:00:00-04:00,48.25423049926758,0.00220456071335147
2023-04-19 00:00:00-04:00,48.30575180053711,0.0010671357829964813
2023-04-20 00:00:00-04:00,48.614898681640625,0.006379402697051333
2023-04-21 00:00:00-04:00,48.8596305847168,0.005021463948846719
2023-04-24 00:00:00-04:00,49.19130325317383,0.006765339615312455
2023-04-25 00:00:00-04:00,48.808101654052734,-0.007820528146140872
2023-04-26 00:00:00-04:00,48.5955696105957,-0.004363950105512841
2023-04-27 00:00:00-04:00,48.746917724609375,0.0031096028078501105
2023-04-28 00:00:00-04:00,48.614898681640625,-0.0027119281203556132
2023-05-01 00:00:00-04:00,48.81454086303711,0.004098195817378225
2023-05-02 00:00:00-04:00,48.68252182006836,-0.0027081661749191912
2023-05-03 00:00:00-04:00,48.5021858215332,-0.003711205392138052
2023-05-04 00:00:00-04:00,48.637943267822266,0.0027950865609419054
2023-05-05 00:00:00-04:00,49.05815887451172,0.00860255811524393
2023-05-08 00:00:00-04:00,49.365238189697266,0.0062399860348464715
2023-05-09 00:00:00-04:00,49.44927978515625,0.0017009973320752055
2023-05-10 00:00:00-04:00,49.310279846191406,-0.00281491799411103
2023-05-11 00:00:00-04:00,49.49453353881836,0.0037296544550843064
2023-05-12 00:00:00-04:00,49.478363037109375,-0.0003267662645493101
2023-05-15 00:00:00-04:00,49.09371566772461,-0.007804427517681119
2023-05-16 00:00:00-04:00,48.41490936279297,-0.01392322516258638
2023-05-17 00:00:00-04:00,48.3341064453125,-0.0016703619275703493
2023-05-18 00:00:00-04:00,48.961185455322266,0.012890401597404665
2023-05-19 00:00:00-04:00,48.45693588256836,-0.010352367080226856
2023-05-22 00:00:00-04:00,48.03025817871094,-0.008844292536147724
2023-05-23 00:00:00-04:00,47.93975067138672,-0.001886162880283299
2023-05-24 00:00:00-04:00,47.719940185546875,-0.004595684362824714
2023-05-25 00:00:00-04:00,47.244781494140625,-0.010007140510871261
2023-05-26 00:00:00-04:00,47.328826904296875,0.0017773548816505337
2023-05-30 00:00:00-04:00,47.212459564208984,-0.002461726578960946
2023-05-31 00:00:00-04:00,47.47428512573242,0.005530367100643244
2023-06-01 00:00:00-04:00,47.648841857910156,0.003670125944137267
2023-06-02 00:00:00-04:00,48.10459899902344,0.00951946120704813
2023-06-05 00:00:00-04:00,48.421382904052734,0.006563725871583716
2023-06-06 00:00:00-04:00,48.41490936279297,-0.0001337007255827018
2023-06-07 00:00:00-04:00,48.48602294921875,0.0014677588232807216
2023-06-08 00:00:00-04:00,49.18744659423828,0.014362870622568386
2023-06-09 00:00:00-04:00,49.484832763671875,0.006027773388945303
2023-06-12 00:00:00-04:00,49.811302185058594,0.006575695981047674
2023-06-13 00:00:00-04:00,50.199195861816406,0.007757098092256161
2023-06-14 00:00:00-04:00,50.70668411254883,0.0100587305664225
2023-06-15 00:00:00-04:00,50.98466873168945,0.005467235980131509
2023-06-16 00:00:00-04:00,50.27354049682617,-0.014046069585992135
2023-06-20 00:00:00-04:00,49.8306999206543,-0.008847646476297901
2023-06-21 00:00:00-04:00,49.927677154541016,0.0019442430255677203
2023-06-22 00:00:00-04:00,50.34465026855469,0.008316861256452276
2023-06-23 00:00:00-04:00,50.25091552734375,-0.001863596423910893
2023-06-26 00:00:00-04:00,50.118385314941406,-0.0026408530957864715
2023-06-27 00:00:00-04:00,49.93736267089844,-0.003618439623896915
2023-06-28 00:00:00-04:00,50.20889663696289,0.005422761336119191
2023-06-29 00:00:00-04:00,49.86948776245117,-0.006782886790760288
2023-06-30 00:00:00-04:00,50.806888580322266,0.01862259931765204
2023-07-03 00:00:00-04:00,51.136592864990234,0.006468396597132534
2023-07-05 00:00:00-04:00,51.10750961303711,-0.0005688983918415133
2023-07-06 00:00:00-04:00,50.78425979614258,-0.006344985532003259
2023-07-07 00:00:00-04:00,49.61412811279297,-0.023310825884335137
2023-07-10 00:00:00-04:00,50.06344223022461,0.009015411574488368
2023-07-11 00:00:00-04:00,49.98908996582031,-0.0014862647942885923
2023-07-12 00:00:00-04:00,50.11515426635742,0.0025186617839520363
2023-07-13 00:00:00-04:00,49.82099914550781,-0.005886877977791247
2023-07-14 00:00:00-04:00,49.9923210144043,0.0034328491801800484
2023-07-17 00:00:00-04:00,50.05373764038086,0.0012277671807842173
2023-07-18 00:00:00-04:00,49.96323013305664,-0.0018098435504318089
2023-07-19 00:00:00-04:00,49.97939682006836,0.0003235193559662922
2023-07-20 00:00:00-04:00,50.90385818481445,0.01832786308460754
2023-07-21 00:00:00-04:00,51.19154357910156,0.005635633941049785
2023-07-24 00:00:00-04:00,51.49215316772461,0.005855076451975253
2023-07-25 00:00:00-04:00,51.45013427734375,-0.0008163582480499233
2023-07-26 00:00:00-04:00,51.63438415527344,0.0035747380293006258
2023-07-27 00:00:00-04:00,51.446903228759766,-0.003637539615494912
2023-07-28 00:00:00-04:00,51.689334869384766,0.004701200889225011
2023-07-31 00:00:00-04:00,51.67317199707031,-0.0003127414946905378
2023-08-01 00:00:00-04:00,51.43073654174805,-0.0047027490143364045
2023-08-02 00:00:00-04:00,51.466304779052734,0.0006913364711904298
2023-08-03 00:00:00-04:00,51.47922134399414,0.0002509398027408992
2023-08-04 00:00:00-04:00,51.18184280395508,-0.00579342079234593
2023-08-07 00:00:00-04:00,51.87680435180664,0.013486924218237351
2023-08-08 00:00:00-04:00,51.92852783203125,0.0009965477382912998
2023-08-09 00:00:00-04:00,52.012569427490234,0.001617100761661407
2023-08-10 00:00:00-04:00,51.98662185668945,-0.0004989956367695594
2023-08-11 00:00:00-04:00,52.29154968261719,0.005848370575695586
2023-08-14 00:00:00-04:00,51.90228271484375,-0.007472011920679067
2023-08-15 00:00:00-04:00,51.63629150390625,-0.005138023159175851
2023-08-16 00:00:00-04:00,51.662227630615234,0.0005021587428609899
2023-08-17 00:00:00-04:00,50.50415802001953,-0.02267123781137635
2023-08-18 00:00:00-04:00,51.23079299926758,0.014285107106515652
2023-08-21 00:00:00-04:00,51.09455490112305,-0.0026628432043931697
2023-08-22 00:00:00-04:00,50.93235397338867,-0.0031795742157390123
2023-08-23 00:00:00-04:00,51.28594207763672,0.006918321440050091
2023-08-24 00:00:00-04:00,50.893428802490234,-0.007682865973533999
2023-08-25 00:00:00-04:00,51.19511413574219,0.005910285380931244
2023-08-28 00:00:00-04:00,51.487064361572266,0.005686498218426693
2023-08-29 00:00:00-04:00,51.91849899291992,0.008344563306088244
2023-08-30 00:00:00-04:00,52.29154968261719,0.007159622090024614
2023-08-31 00:00:00-04:00,52.748939514160156,0.008708884086856982
2023-09-01 00:00:00-04:00,52.41157531738281,-0.006416198222114522
2023-09-05 00:00:00-04:00,51.989864349365234,-0.008078686710605115
2023-09-06 00:00:00-04:00,52.3791389465332,0.007459617127705982
2023-09-07 00:00:00-04:00,53.027915954589844,0.012310090658100325
2023-09-08 00:00:00-04:00,53.12522888183594,0.0018334445890600948
2023-09-11 00:00:00-04:00,53.31013488769531,0.0034745254834700136
2023-09-12 00:00:00-04:00,53.368526458740234,0.0010947189651492484
2023-09-13 00:00:00-04:00,53.38149642944336,0.0002429970582870237
2023-09-14 00:00:00-04:00,53.605323791503906,0.004184210506587629
2023-09-15 00:00:00-04:00,53.40745162963867,-0.0036981077557290336
2023-09-18 00:00:00-04:00,53.011688232421875,-0.007437857931466809
2023-09-19 00:00:00-04:00,52.998714447021484,-0.00024476438419711224
2023-09-20 00:00:00-04:00,53.1706428527832,0.003238760418679024
2023-09-21 00:00:00-04:00,52.525108337402344,-0.012215108643729477
2023-09-22 00:00:00-04:00,52.66460418701172,0.0026522732696172354
2023-09-25 00:00:00-04:00,52.89815902709961,0.004424954672739245
2023-09-26 00:00:00-04:00,52.7132568359375,-0.0035015604813883735
2023-09-27 00:00:00-04:00,52.46023178100586,-0.004811584105739738
2023-09-28 00:00:00-04:00,52.72623062133789,0.005057673797158562
2023-09-29 00:00:00-04:00,51.879573822021484,-0.01618792174153248
2023-10-02 00:00:00-04:00,51.934722900390625,0.001062456430338357
2023-10-03 00:00:00-04:00,51.607093811035156,-0.006328461161042275
2023-10-04 00:00:00-04:00,52.22666931152344,0.011934130774931337
2023-10-05 00:00:00-04:00,51.60384750366211,-0.011997037039185227
2023-10-06 00:00:00-04:00,50.73771667480469,-0.016926681070191983
2023-10-09 00:00:00-04:00,50.552825927734375,-0.003650705143170964
2023-10-10 00:00:00-04:00,51.12374496459961,0.011230218173104859
2023-10-11 00:00:00-04:00,51.32810974121094,0.003989484587735101
2023-10-12 00:00:00-04:00,51.561668395996094,0.004539985607494446
2023-10-13 00:00:00-04:00,51.847137451171875,0.005521188993762299
2023-10-16 00:00:00-04:00,52.294795989990234,0.008597138179707692
2023-10-17 00:00:00-04:00,52.3629150390625,0.001301749446299702
2023-10-18 00:00:00-04:00,52.4018440246582,0.0007431695111088206
2023-10-19 00:00:00-04:00,52.152061462402344,-0.004778071872165712
2023-10-20 00:00:00-04:00,51.50003433227539,-0.012581235830309855
2023-10-23 00:00:00-04:00,52.22990798950195,0.01407280649028129
2023-10-24 00:00:00-04:00,52.95655059814453,0.013816496491422853
2023-10-25 00:00:00-04:00,52.79759979248047,-0.003006046094097096
2023-10-26 00:00:00-04:00,52.4764518737793,-0.006101197965401869
2023-10-27 00:00:00-04:00,52.28181076049805,-0.0037160092648636967
2023-10-30 00:00:00-04:00,52.88193893432617,0.011413337583732603
2023-10-31 00:00:00-04:00,53.008453369140625,0.0023895368080317564
2023-11-01 00:00:00-04:00,53.482059478759766,0.00889486245367797
2023-11-02 00:00:00-04:00,53.692909240722656,0.0039346880434738786
2023-11-03 00:00:00-04:00,53.41393280029297,-0.005209323064639171
2023-11-06 00:00:00-05:00,53.48530197143555,0.0013352608538084439
2023-11-07 00:00:00-05:00,53.735084533691406,0.004659244799721106
2023-11-08 00:00:00-05:00,53.297157287597656,-0.008183135892673669
2023-11-09 00:00:00-05:00,53.173885345458984,-0.002315596695063917
2023-11-10 00:00:00-05:00,53.91025161743164,0.013753257950684898
2023-11-13 00:00:00-05:00,54.39359664916992,0.00892578146503726
2023-11-14 00:00:00-05:00,54.38385772705078,-0.00017906140938871848
2023-11-15 00:00:00-05:00,55.07481384277344,0.012625135745694726
2023-11-16 00:00:00-05:00,50.617698669433594,-0.08439122140323946
2023-11-17 00:00:00-05:00,50.39387512207031,-0.0044316488750206365
2023-11-20 00:00:00-05:00,50.377655029296875,-0.00032191816258322166
2023-11-21 00:00:00-05:00,50.55931091308594,0.003599396479091583
2023-11-22 00:00:00-05:00,50.173282623291016,-0.007664454293759566
2023-11-24 00:00:00-05:00,50.62418746948242,0.008946808952848837
2023-11-27 00:00:00-05:00,50.8545036315918,0.00453921025333167
2023-11-28 00:00:00-05:00,51.46111297607422,0.01185774903835815
2023-11-29 00:00:00-05:00,50.63067626953125,-0.01626879162017069
2023-11-30 00:00:00-05:00,50.50415802001953,-0.0025019730619909777
2023-12-01 00:00:00-05:00,50.06623840332031,-0.008708773158334489
2023-12-04 00:00:00-05:00,50.05326461791992,-0.0002591659982622418
2023-12-05 00:00:00-05:00,50.51713943481445,0.009224942683445769
2023-12-06 00:00:00-05:00,49.96892166137695,-0.010911428045770626
2023-12-07 00:00:00-05:00,49.64006805419922,-0.006602914112648989
2023-12-08 00:00:00-05:00,49.11912155151367,-0.010549931334610624
2023-12-11 00:00:00-05:00,49.24284744262695,0.002515727524213206
2023-12-12 00:00:00-05:00,49.28192138671875,0.000793180163823328
2023-12-13 00:00:00-05:00,50.15776062011719,0.017615942949801535
2023-12-14 00:00:00-05:00,49.5456428527832,-0.01227892803752608
2023-12-15 00:00:00-05:00,49.73123550415039,0.003738894103920824
2023-12-18 00:00:00-05:00,50.45730972290039,0.014494410088074866
2023-12-19 00:00:00-05:00,50.639644622802734,0.003607133346107715
2023-12-20 00:00:00-05:00,50.04706573486328,-0.01177088272757034
2023-12-21 00:00:00-05:00,50.40195846557617,0.00706615539976418
2023-12-22 00:00:00-05:00,51.00431442260742,0.01188019290163125
2023-12-26 00:00:00-05:00,50.926170349121094,-0.00153328200038988
2023-12-27 00:00:00-05:00,51.404788970947266,0.009354395094436018
2023-12-28 00:00:00-05:00,51.303855895996094,-0.0019654257452838128
2023-12-29 00:00:00-05:00,51.329898834228516,0.0005074926637892728
